id,amount_tsh,date_recorded,funder,gps_height,installer,longitude,latitude,wpt_name,num_private,basin,subvillage,region,region_code,district_code,lga,ward,population,public_meeting,recorded_by,scheme_management,scheme_name,permit,construction_year,extraction_type,extraction_type_group,extraction_type_class,management,management_group,payment,payment_type,water_quality,quality_group,quantity,quantity_group,source,source_type,source_class,waterpoint_type,waterpoint_type_group
50785,0,04-02-2013,Dmdd,1996,DMDD,35.2907992,-4.05969643,Dinamu Secondary School,0,Internal,Magoma,Manyara,21,3,Mbulu,Bashay,321,TRUE,GeoData Consultants Ltd,Parastatal,,TRUE,2012,other,other,other,parastatal,parastatal,never pay,never pay,soft,good,seasonal,seasonal,rainwater harvesting,rainwater harvesting,surface,other,other
51630,0,04-02-2013,Government Of Tanzania,1569,DWE,36.65670893,-3.30921425,Kimnyak,0,Pangani,Kimnyak,Arusha,2,2,Arusha Rural,Kimnyaki,300,TRUE,GeoData Consultants Ltd,VWC,TPRI pipe line,TRUE,2000,gravity,gravity,gravity,vwc,user-group,never pay,never pay,soft,good,insufficient,insufficient,spring,spring,groundwater,communal standpipe,communal standpipe
17168,0,01-02-2013,,1567,,34.76786315,-5.00434437,Puma Secondary,0,Internal,Msatu,Singida,13,2,Singida Rural,Puma,500,TRUE,GeoData Consultants Ltd,VWC,P,,2010,other,other,other,vwc,user-group,never pay,never pay,soft,good,insufficient,insufficient,rainwater harvesting,rainwater harvesting,surface,other,other
45559,0,22-01-2013,Finn Water,267,FINN WATER,38.05804609,-9.41867222,Kwa Mzee Pange,0,Ruvuma / Southern Coast,Kipindimbi,Lindi,80,43,Liwale,Mkutano,250,,GeoData Consultants Ltd,VWC,,TRUE,1987,other,other,other,vwc,user-group,unknown,unknown,soft,good,dry,dry,shallow well,shallow well,groundwater,other,other
49871,500,27-03-2013,Bruder,1260,BRUDER,35.00612345,-10.950412,Kwa Mzee Turuka,0,Ruvuma / Southern Coast,Losonga,Ruvuma,10,3,Mbinga,Mbinga Urban,60,,GeoData Consultants Ltd,Water Board,BRUDER,TRUE,2000,gravity,gravity,gravity,water board,user-group,pay monthly,monthly,soft,good,enough,enough,spring,spring,groundwater,communal standpipe,communal standpipe
52449,0,04-03-2013,Government Of Tanzania,1685,DWE,36.68527855,-3.30242017,Masaga,0,Pangani,Masaga,Arusha,2,2,Arusha Rural,Ilkiding'a,200,TRUE,GeoData Consultants Ltd,VWC,Timbolo sambasha TPRI pipe line,TRUE,1990,gravity,gravity,gravity,vwc,user-group,never pay,never pay,soft,good,enough,enough,spring,spring,groundwater,communal standpipe,communal standpipe
24806,0,02-03-2011,Government Of Tanzania,550,Gover,36.39804116,-7.54138236,none,0,Rufiji,Kichangani,Iringa,11,7,Kilolo,Mahenge,600,TRUE,GeoData Consultants Ltd,VWC,,TRUE,2007,india mark ii,india mark ii,handpump,vwc,user-group,never pay,never pay,salty,salty,enough,enough,machine dbh,borehole,groundwater,hand pump,hand pump
28965,0,25-01-2013,Finw,234,FinW,39.60741997,-10.89378645,Kwa Mkwaa,0,Ruvuma / Southern Coast,Ilala,Mtwara,9,4,Tandahimba,Maundo,1,TRUE,GeoData Consultants Ltd,Water Board,Borehole,TRUE,1982,submersible,submersible,submersible,vwc,user-group,never pay,never pay,soft,good,dry,dry,machine dbh,borehole,groundwater,communal standpipe multiple,communal standpipe
36301,30,23-01-2013,Unicef,584,LGA,39.2629507,-10.82358805,Kwa Mzee Mpini,0,Ruvuma / Southern Coast,Bondeni,Mtwara,90,33,Newala,Mnekachi,40,TRUE,GeoData Consultants Ltd,VWC,MWS,FALSE,1997,gravity,gravity,gravity,vwc,user-group,pay per bucket,per bucket,soft,good,insufficient,insufficient,spring,spring,groundwater,communal standpipe,communal standpipe
54122,0,18-03-2013,Lawatefuka Water Supply,1083,Lawatefuka water sup,37.09610836,-3.25175375,Kwa Flora Daud,0,Pangani,Donyomuruak,Kilimanjaro,3,7,Siha,Siha Kati,1,TRUE,GeoData Consultants Ltd,Water Board,BL Erasto Laizer,TRUE,2003,gravity,gravity,gravity,water board,user-group,pay monthly,monthly,soft,good,enough,enough,spring,spring,groundwater,communal standpipe,communal standpipe
419,5,03-10-2013,Germany Republi,1259,CES,37.23324768,-3.24112116,Kwa Anna P Muro,0,Pangani,Saa,Kilimanjaro,3,5,Hai,Machame Kaskazini,75,TRUE,GeoData Consultants Ltd,Water Board,Lyamungo-Umbwe water supply,TRUE,2006,gravity,gravity,gravity,water board,user-group,pay per bucket,per bucket,soft,good,enough,enough,spring,spring,groundwater,communal standpipe,communal standpipe
45750,0,27-02-2013,World Vision,608,World vision,37.68639178,-4.55597478,Shuleni,0,Pangani,Remit,Manyara,21,4,Simanjiro,Ruvu Remit,500,TRUE,GeoData Consultants Ltd,,,TRUE,2002,other,other,other,vwc,user-group,never pay,never pay,soft,good,dry,dry,rainwater harvesting,rainwater harvesting,surface,other,other
653,0,11-10-2012,World Bank,0,Building works company Ltd,33.66107435,-4.16572015,Kwa Nzega,0,Internal,Chonja,Tabora,14,2,Igunga,Itunduru,0,TRUE,GeoData Consultants Ltd,Other,World Bank,TRUE,0,mono,mono,motorpump,vwc,user-group,unknown,unknown,soft,good,dry,dry,machine dbh,borehole,groundwater,communal standpipe multiple,communal standpipe
14017,0,29-07-2011,Ministry Of Water,0,DWE,33.00768032,-3.2095291,Gati La Shuleni,0,Lake Victoria,Ilobashi,Mwanza,19,4,Kwimba,Bupamwa,0,TRUE,GeoData Consultants Ltd,VWC,Mradi wa maji Kiliwi,TRUE,0,mono,mono,motorpump,vwc,user-group,pay per bucket,per bucket,soft,good,enough,enough,machine dbh,borehole,groundwater,communal standpipe multiple,communal standpipe
44607,1000,02-03-2011,Danida,1625,DANID,35.61562385,-7.87029042,none,0,Rufiji,Winome,Iringa,11,1,Iringa Rural,Mseke,1,TRUE,GeoData Consultants Ltd,VWC,Meseke,TRUE,1984,gravity,gravity,gravity,vwc,user-group,pay monthly,monthly,soft,good,enough,enough,spring,spring,groundwater,communal standpipe,communal standpipe
40228,1200,03-06-2013,Danida,916,DWE,35.48288627,-10.91259619,Kwa Daniela,0,Ruvuma / Southern Coast,Mkulu,Ruvuma,10,2,Songea Rural,Ndogosi,0,TRUE,GeoData Consultants Ltd,VWC,Mradi wa maji wa ndongosi,TRUE,1989,gravity,gravity,gravity,vwc,user-group,pay annually,annually,soft,good,enough,enough,river,river/lake,surface,communal standpipe multiple,communal standpipe
27714,0,24-02-2011,,-39,,39.85018977,-7.72794628,Kitotoni,0,Rufiji,Barabarani,Pwani,6,6,Mafia,Kanga,900,TRUE,GeoData Consultants Ltd,VWC,,FALSE,0,nira/tanira,nira/tanira,handpump,vwc,user-group,never pay,never pay,soft,good,enough,enough,shallow well,shallow well,groundwater,hand pump,hand pump
28785,200,11-03-2011,Government Of Tanzania,1793,DWE,38.25402354,-4.5658016,Magagai Hospital,0,Pangani,Magagai 2,Tanga,4,1,Lushoto,Rangwi,1,TRUE,GeoData Consultants Ltd,VWC,Shagayo forest,TRUE,1978,gravity,gravity,gravity,vwc,user-group,pay monthly,monthly,soft,good,enough,enough,spring,spring,groundwater,communal standpipe,communal standpipe
28330,0,06-10-2012,Rural Water Supply And Sanitat,0,DWE,31.58679783,-3.38780779,Shule Ya Msingi Ikuzi,0,Lake Tanganyika,Bumbaaga A,Shinyanga,17,5,Bukombe,Runzewe,0,TRUE,GeoData Consultants Ltd,Parastatal,,TRUE,0,gravity,gravity,gravity,parastatal,parastatal,unknown,unknown,soft,good,seasonal,seasonal,rainwater harvesting,rainwater harvesting,surface,communal standpipe,communal standpipe
18532,0,02-02-2013,Finw,368,FinW,39.43852591,-10.58336646,Liponde A,0,Ruvuma / Southern Coast,Liponde A,Mtwara,9,4,Tandahimba,Chaume,300,TRUE,GeoData Consultants Ltd,Water Board,Borehole,TRUE,1982,submersible,submersible,submersible,vwc,user-group,never pay,never pay,soft,good,dry,dry,machine dbh,borehole,groundwater,communal standpipe,communal standpipe
69961,0,12-03-2013,0,-27,0,39.32230666,-6.85026202,Shuleni,0,Wami / Ruvu,Kisiwani,Dar es Salaam,7,3,Temeke,Vijibweni,120,TRUE,GeoData Consultants Ltd,SWC,,FALSE,2010,submersible,submersible,submersible,other - school,other,never pay,never pay,soft,good,enough,enough,machine dbh,borehole,groundwater,communal standpipe,communal standpipe
55083,0,07-03-2011,Dwe,1674,DWE,34.94362033,-9.35251465,none,0,Rufiji,Matewele,Iringa,11,4,Njombe,Yakobi,30,TRUE,GeoData Consultants Ltd,VWC,Lukwal,FALSE,2008,gravity,gravity,gravity,vwc,user-group,never pay,never pay,soft,good,insufficient,insufficient,spring,spring,groundwater,communal standpipe,communal standpipe
8691,0,04-02-2013,Tasaf,1087,DWE,31.04608844,-5.05419563,Kwa Yorodan,0,Lake Tanganyika,Kibondo,Kigoma,16,3,Kigoma Rural,Mtego wa Noti,1750,TRUE,GeoData Consultants Ltd,VWC,,TRUE,2005,other,other,other,vwc,user-group,unknown,unknown,milky,milky,enough,enough,shallow well,shallow well,groundwater,other,other
30331,0,09-02-2013,,1441,,34.62104755,-5.16592646,Andrea,0,Internal,Muhintiri,Singida,13,2,Singida Rural,Naintiri,1,TRUE,GeoData Consultants Ltd,VWC,M,,1970,mono,mono,motorpump,vwc,user-group,unknown,unknown,unknown,unknown,dry,dry,machine dbh,borehole,groundwater,communal standpipe,communal standpipe
70970,0,07-10-2012,Mwanashila,0,DWE,33.72235857,-3.04712172,Toyekukoya Groups,0,Lake Victoria,Ging'Hi,Shinyanga,17,2,Maswa,Buchambi,0,TRUE,GeoData Consultants Ltd,WUG,,FALSE,0,nira/tanira,nira/tanira,handpump,wug,user-group,never pay,never pay,soft,good,enough,enough,shallow well,shallow well,groundwater,hand pump,hand pump
61136,200,23-02-2011,Tz Japan,1726,DWE,34.92959242,-9.15287185,Kwa Tega,0,Rufiji,Mpeto A,Iringa,11,4,Njombe,Ikuka,50,TRUE,GeoData Consultants Ltd,VWC,Ikuna gravity water Scheme,FALSE,2008,gravity,gravity,gravity,vwc,user-group,pay monthly,monthly,soft,good,enough,enough,spring,spring,groundwater,communal standpipe,communal standpipe
28799,0,18-02-2013,Germany,986,DWE,35.42444315,-10.57968552,Shule Ya Msingi Mapo,0,Ruvuma / Southern Coast,Mabatini,Ruvuma,10,2,Songea Rural,Maposeni,0,TRUE,GeoData Consultants Ltd,VWC,Mradi wa maji wa maposeni,TRUE,2009,gravity,gravity,gravity,vwc,user-group,never pay,never pay,soft,good,dry,dry,river,river/lake,surface,communal standpipe,communal standpipe
46825,0,10-04-2011,Water,0,MWE &,35.89487669,-6.14752205,Kwa Mbogambi,0,Wami / Ruvu,Chididimo,Dodoma,1,5,Dodoma Urban,Mtumba,0,TRUE,GeoData Consultants Ltd,VWC,Ihum,FALSE,0,mono,mono,motorpump,vwc,user-group,pay per bucket,per bucket,salty,salty,dry,dry,machine dbh,borehole,groundwater,communal standpipe multiple,communal standpipe
44718,0,04-02-2013,Dwsp,0,DWE,0,-2.00E-08,Nkubanija,0,Lake Victoria,Nkonze,Shinyanga,17,1,Bariadi,Lugulu,0,TRUE,GeoData Consultants Ltd,WUG,,FALSE,0,nira/tanira,nira/tanira,handpump,wug,user-group,pay when scheme fails,on failure,salty abandoned,salty,enough,enough,shallow well,shallow well,groundwater,hand pump,hand pump
37350,0,20-02-2013,Bffs,1309,BFFS,36.29176128,-5.24231281,Zahanati,0,Internal,Mapinduzi,Manyara,21,5,Kiteto,Olbolot,860,TRUE,GeoData Consultants Ltd,VWC,BFFS,FALSE,2002,gravity,gravity,gravity,vwc,user-group,never pay,never pay,soft,good,seasonal,seasonal,rainwater harvesting,rainwater harvesting,surface,communal standpipe,communal standpipe
65738,5,03-12-2013,Private Individual,1564,Dmdd,35.6124173,-3.35116762,Bado,0,Internal,Dofa,Arusha,24,30,Karatu,Qurus,200,TRUE,GeoData Consultants Ltd,VWC,Gyewasu,TRUE,2002,gravity,gravity,gravity,vwc,user-group,pay per bucket,per bucket,soft,good,enough,enough,river,river/lake,surface,communal standpipe,communal standpipe
3271,0,29-10-2012,Government Of Tanzania,0,DWE,32.86178245,-3.92819891,Gati La Selemi,0,Internal,Selemi,Tabora,14,1,Nzega,Igusule,0,FALSE,GeoData Consultants Ltd,VWC,,TRUE,0,mono,mono,motorpump,vwc,user-group,never pay,never pay,soft,good,enough,enough,machine dbh,borehole,groundwater,communal standpipe,communal standpipe
42658,0,05-11-2012,Tlc,0,TLC,33.12453405,-4.85766882,Shuleni,0,Lake Tanganyika,Idete,Tabora,14,3,Uyui,Isikizya,0,TRUE,GeoData Consultants Ltd,VWC,,TRUE,0,afridev,afridev,handpump,vwc,user-group,never pay,never pay,soft,good,seasonal,seasonal,shallow well,shallow well,groundwater,hand pump,hand pump
67523,20,13-03-2013,Private Individual,1537,Dmdd,35.66507527,-3.34770932,Kwa Matambi,0,Internal,Kinihe,Arusha,24,30,Karatu,Qurus,300,TRUE,GeoData Consultants Ltd,VWC,Kaviwasu,TRUE,1998,gravity,gravity,gravity,vwc,user-group,pay per bucket,per bucket,coloured,colored,enough,enough,river,river/lake,surface,communal standpipe multiple,communal standpipe
37034,500,27-03-2011,Unicef,1489,DWE,34.72199105,-8.86253212,Shuleni,0,Rufiji,Ujindile Kati,Iringa,11,4,Njombe,Ilembula,360,TRUE,GeoData Consultants Ltd,WUA,wanging'ombe supply scheme,TRUE,1978,gravity,gravity,gravity,wua,user-group,pay monthly,monthly,soft,good,enough,enough,river,river/lake,surface,communal standpipe,communal standpipe
42432,500,04-07-2011,Unicef,1798,DWE,34.70534261,-9.1394961,Kwa Batweli Fute,0,Rufiji,Ngelele,Iringa,11,4,Njombe,Mdandu,45,TRUE,GeoData Consultants Ltd,WUA,wanging'ombe water supply s,TRUE,1978,gravity,gravity,gravity,wua,user-group,pay monthly,monthly,soft,good,enough,enough,river,river/lake,surface,communal standpipe,communal standpipe
27420,0,14-03-2011,Mkinga Distric Coun,0,DWE,38.83713732,-4.77558442,Kibanga,0,Pangani,Mavovo,Tanga,4,8,Mkinga,Maramba,200,TRUE,GeoData Consultants Ltd,VWC,Bwiti gravity water,TRUE,1971,gravity,gravity,gravity,vwc,user-group,never pay,never pay,coloured,colored,insufficient,insufficient,spring,spring,groundwater,communal standpipe,communal standpipe
707,1000,22-02-2013,Government Of Tanzania,1642,Central govt,37.65808091,-3.7238624,Kwa Juma Sadick,3,Pangani,Chumvu Juu,Kilimanjaro,3,2,Mwanga,Chomvu,45,TRUE,GeoData Consultants Ltd,WUA,Kindoroko water supply,FALSE,1972,gravity,gravity,gravity,wua,user-group,pay monthly,monthly,soft,good,enough,enough,spring,spring,groundwater,communal standpipe,communal standpipe
48489,0,27-02-2011,Nethalan,362,DWE,37.47632192,-6.28331307,Shuleni,0,Wami / Ruvu,Msufini,Morogoro,5,6,Mvomero,Hembeti,1,TRUE,GeoData Consultants Ltd,VWC,Dimamba,TRUE,1984,gravity,gravity,gravity,vwc,user-group,never pay,never pay,soft,good,insufficient,insufficient,river,river/lake,surface,communal standpipe,communal standpipe
51008,0,30-03-2011,Danida,0,DANIDA,33.32603356,-8.88128573,Wangu Simanyana,0,Lake Rukwa,Idugumbe,Mbeya,12,2,Mbeya Rural,Utengule Usongwe,0,TRUE,GeoData Consultants Ltd,VWC,,FALSE,0,gravity,gravity,gravity,wug,user-group,pay when scheme fails,on failure,soft,good,dry,dry,river,river/lake,surface,communal standpipe,communal standpipe
72562,50,06-02-2013,Jaica,128,Jaica,40.04071287,-10.49203103,Sokoni,0,Ruvuma / Southern Coast,Zambia,Mtwara,99,1,Mtwara Rural,Nanguruwe,400,TRUE,GeoData Consultants Ltd,VWC,Nanguruwe water supply,TRUE,2006,submersible,submersible,submersible,vwc,user-group,pay per bucket,per bucket,soft,good,enough,enough,machine dbh,borehole,groundwater,communal standpipe multiple,communal standpipe
10275,0,19-03-2011,Government Of Tanzania,216,DWE,38.72134804,-5.17252308,Mashuini,0,Pangani,Mashuini,Tanga,4,3,Muheza,Nkumba,120,TRUE,GeoData Consultants Ltd,VWC,,FALSE,1983,india mark ii,india mark ii,handpump,vwc,user-group,never pay,never pay,soft,good,insufficient,insufficient,shallow well,shallow well,groundwater,hand pump,hand pump
53540,0,12-10-2012,World Bank,0,World Bank,33.14491487,-3.71753771,Kwa Kulwa Lusoka,0,Lake Victoria,Kaselya,Shinyanga,17,3,Shinyanga Rural,Usule,0,TRUE,GeoData Consultants Ltd,VWC,Kaselya,TRUE,0,other,other,other,vwc,user-group,never pay,never pay,soft,good,enough,enough,machine dbh,borehole,groundwater,communal standpipe multiple,communal standpipe
43291,0,14-08-2011,Rotary Club,0,Rotary club,33.33199615,-2.70336413,Nyasambi,0,Lake Victoria,Nyasambi,Mwanza,19,4,Kwimba,Ngulla,0,TRUE,GeoData Consultants Ltd,VWC,,TRUE,0,swn 80,swn 80,handpump,vwc,user-group,never pay,never pay,unknown,unknown,dry,dry,shallow well,shallow well,groundwater,hand pump,hand pump
8813,0,28-07-2011,Ministry Of Water,0,DWE,33.13082951,-3.22665421,Isunda,0,Lake Victoria,Isunda,Mwanza,19,4,Kwimba,Fukalo,0,TRUE,GeoData Consultants Ltd,VWC,KASHWASA,TRUE,0,submersible,submersible,submersible,vwc,user-group,pay per bucket,per bucket,soft,good,enough,enough,lake,river/lake,surface,communal standpipe multiple,communal standpipe
62343,0,03-04-2011,Government Of Tanzania,0,Central Government,33.62516779,-8.86101931,Beno,0,Rufiji,Iduda,Mbeya,12,2,Mbeya Rural,Inyala,0,TRUE,GeoData Consultants Ltd,VWC,,TRUE,0,gravity,gravity,gravity,wug,user-group,pay when scheme fails,on failure,soft,good,dry,dry,river,river/lake,surface,communal standpipe,communal standpipe
1649,0,15-10-2012,Morovian,0,Morovian,32.35815302,-4.96546043,Jumanne Mihayo,0,Lake Tanganyika,Ugowola A,Tabora,14,3,Uyui,Ufuluma,0,TRUE,GeoData Consultants Ltd,VWC,,TRUE,0,india mark ii,india mark ii,handpump,vwc,user-group,pay when scheme fails,on failure,soft,good,enough,enough,machine dbh,borehole,groundwater,hand pump,hand pump
8822,50,04-03-2013,Isf/government,1010,ISF/Government,37.70648416,-4.00583487,Mbuyuni,0,Pangani,Kigogo,Kilimanjaro,3,3,Same,Njoro,180,TRUE,GeoData Consultants Ltd,Water authority,Njoishi water supply,TRUE,2007,submersible,submersible,submersible,vwc,user-group,pay per bucket,per bucket,salty,salty,insufficient,insufficient,machine dbh,borehole,groundwater,communal standpipe,communal standpipe
10352,0,12-04-2011,Rc Church,0,RC Church,33.66386327,-8.98179247,Kwa Jailos Nyaranga,0,Rufiji,Matwalani,Mbeya,12,2,Mbeya Rural,Ulenje,0,FALSE,GeoData Consultants Ltd,VWC,,FALSE,0,gravity,gravity,gravity,wug,user-group,pay when scheme fails,on failure,soft,good,enough,enough,river,river/lake,surface,communal standpipe,communal standpipe
50878,0,16-10-2012,Government Of Tanzania,0,Government,33.77857064,-3.06340514,Mzee Ugali,0,Lake Victoria,Mwankali,Shinyanga,17,2,Maswa,Buchambi,0,TRUE,GeoData Consultants Ltd,Water authority,Maswa Water supply program,FALSE,0,gravity,gravity,gravity,private operator,commercial,pay monthly,monthly,soft,good,enough,enough,dam,dam,surface,communal standpipe,communal standpipe
15266,0,23-07-2011,,0,,33.58724528,-9.16743357,Kwa Kajuni,0,Lake Nyasa,Kisungu,Mbeya,12,4,Rungwe,Kiwira,0,TRUE,GeoData Consultants Ltd,VWC,K,,0,gravity,gravity,gravity,vwc,user-group,never pay,never pay,soft,good,enough,enough,spring,spring,groundwater,communal standpipe,communal standpipe
51956,0,18-03-2011,Government Of Tanzania,1190,DWE,38.4236917,-4.6312447,Sokoni,0,Pangani,Usagara,Tanga,4,1,Lushoto,Mlola,1,TRUE,GeoData Consultants Ltd,VWC,Muyombo forest,TRUE,1974,gravity,gravity,gravity,vwc,user-group,never pay,never pay,soft,good,enough,enough,spring,spring,groundwater,communal standpipe,communal standpipe
44099,1500,09-02-2013,Danida,642,DANIDA,37.12085919,-10.78502855,Miembeni,0,Ruvuma / Southern Coast,Njawanga,Ruvuma,10,1,Tunduru,Ligunga,1,TRUE,GeoData Consultants Ltd,VWC,,FALSE,1992,swn 80,swn 80,handpump,vwc,user-group,pay monthly,monthly,soft,good,insufficient,insufficient,machine dbh,borehole,groundwater,hand pump,hand pump
59,0,15-10-2012,Dwssp,0,DWE,33.59072198,-3.71955244,Kwa Chanzula,0,Internal,Sengerema,Shinyanga,17,8,Kishapu,Talaga,0,TRUE,GeoData Consultants Ltd,VWC,Nhobola piped scheme,TRUE,0,gravity,gravity,gravity,vwc,user-group,pay per bucket,per bucket,soft,good,insufficient,insufficient,spring,spring,groundwater,communal standpipe multiple,communal standpipe
51359,0,19-01-2013,Jica,-5,DWE,39.56082776,-9.13206159,Ofisini,0,Ruvuma / Southern Coast,Msiteteme,Lindi,80,13,Kilwa,Pande,530,,GeoData Consultants Ltd,VWC,Pande plot Water supply,FALSE,2002,submersible,submersible,submersible,vwc,user-group,unknown,unknown,soft,good,unknown,unknown,machine dbh,borehole,groundwater,communal standpipe multiple,communal standpipe
15962,0,01-08-2011,Hesawa,0,Hesawa,0,-2.00E-08,Bombani,0,Lake Victoria,Nyang'Hulukulu,Mwanza,19,6,Geita,Nyang'hwale,0,TRUE,GeoData Consultants Ltd,VWC,Borehole,TRUE,0,other,other,other,vwc,user-group,unknown,unknown,unknown,unknown,dry,dry,machine dbh,borehole,groundwater,other,other
17853,0,07-08-2011,Hesawa,1226,DWE,33.06230846,-1.82664599,Kulutale,0,Lake Victoria,Kulutale,Mwanza,19,1,Ukerewe,Bwisya,1200,TRUE,GeoData Consultants Ltd,,,TRUE,1999,gravity,gravity,gravity,vwc,user-group,never pay,never pay,soft,good,insufficient,insufficient,spring,spring,groundwater,improved spring,improved spring
42040,0,30-03-2013,Government Of Tanzania,1387,Government,37.55433946,-3.28942377,Kwa Stefano Kessy,0,Pangani,Kanisani,Kilimanjaro,3,4,Moshi Rural,Mamba Kusini,1,TRUE,GeoData Consultants Ltd,WUA,Matala pipeline,TRUE,1970,gravity,gravity,gravity,wua,user-group,never pay,never pay,soft,good,insufficient,insufficient,spring,spring,groundwater,communal standpipe,communal standpipe
72243,0,12-02-2013,Danida,805,DANIDA,35.99024647,-10.53404797,Kwa Haji Kuseta,0,Rufiji,Namikurumo,Ruvuma,10,5,Namtumbo,Msindo,250,TRUE,GeoData Consultants Ltd,WUG,,FALSE,1990,swn 80,swn 80,handpump,wug,user-group,pay when scheme fails,on failure,soft,good,enough,enough,shallow well,shallow well,groundwater,hand pump,hand pump
63653,0,28-03-2013,World Bank,1544,DWE,36.61868919,-3.29203785,Shule Ya Msingi,0,Pangani,Afya,Arusha,2,2,Arusha Rural,Oltrumet,200,TRUE,GeoData Consultants Ltd,VWC,Mlimani pipe line,TRUE,2004,gravity,gravity,gravity,vwc,user-group,never pay,never pay,soft,good,insufficient,insufficient,spring,spring,groundwater,communal standpipe,communal standpipe
26510,0,13-10-2012,World Vision,0,World vision,33.77914543,-3.32682925,Twende Pamoja,0,Internal,Ishima,Shinyanga,17,2,Maswa,Busilili,0,TRUE,GeoData Consultants Ltd,WUG,,FALSE,0,nira/tanira,nira/tanira,handpump,wug,user-group,other,other,soft,good,enough,enough,shallow well,shallow well,groundwater,hand pump,hand pump
72053,0,01-08-2011,Concern,0,TWESA,30.50096464,-2.59036242,Nabagayana,0,Lake Victoria,Kumgogola,Kagera,18,30,Ngara,Mabawe,0,TRUE,GeoData Consultants Ltd,VWC,,FALSE,0,gravity,gravity,gravity,vwc,user-group,never pay,never pay,soft,good,insufficient,insufficient,spring,spring,groundwater,other,other
29351,500,19-10-2012,People Of Japan,1369,Grobal resource alliance,34.25333419,-1.20066603,Sori B,0,Lake Victoria,Sori,Mara,20,6,Tarime,Goribe,560,TRUE,GeoData Consultants Ltd,VWC,Rural water supply,TRUE,2011,afridev,afridev,handpump,vwc,user-group,pay monthly,monthly,soft,good,enough,enough,shallow well,shallow well,groundwater,hand pump,hand pump
51897,0,29-01-2013,,1584,,34.85944848,-4.97090922,Mission,0,Internal,Makiungu,Singida,13,2,Singida Rural,Munga'a,1,TRUE,GeoData Consultants Ltd,VWC,,,1990,other,other,other,vwc,user-group,unknown,unknown,unknown,unknown,dry,dry,shallow well,shallow well,groundwater,other,other
20376,2400,04-03-2011,Danida,1609,DWE,35.10908924,-8.18809279,none,0,Rufiji,M,Iringa,11,2,Mufindi,Igombavanu,0,TRUE,GeoData Consultants Ltd,VWC,,TRUE,0,swn 80,swn 80,handpump,vwc,user-group,pay annually,annually,soft,good,enough,enough,hand dtw,borehole,groundwater,hand pump,hand pump
26804,1000,23-03-2011,Solidarm,334,DWE,36.50348726,-8.55105463,Mkombezi,0,Rufiji,Iragua Kati,Morogoro,5,4,Ulanga,Iragua,230,TRUE,GeoData Consultants Ltd,,,TRUE,2010,nira/tanira,nira/tanira,handpump,vwc,user-group,pay monthly,monthly,soft,good,enough,enough,shallow well,shallow well,groundwater,hand pump,hand pump
67303,0,19-03-2013,Government Of Tanzania,1070,DWE,36.80143513,-3.45135176,Kwa Mama Amani,0,Pangani,Upendo,Arusha,2,2,Arusha Rural,Mlangarini,150,TRUE,GeoData Consultants Ltd,VWC,Machumba estate pipe line,TRUE,1988,gravity,gravity,gravity,vwc,user-group,never pay,never pay,soft,good,enough,enough,spring,spring,groundwater,other,other
69780,0,18-02-2013,Government Of Tanzania,1286,District council,37.62786033,-3.13469202,Kwa Mau,0,Pangani,Kala,Kilimanjaro,3,1,Rombo,Kisale Msangara,1,TRUE,GeoData Consultants Ltd,Company,Kisale Kitale water supply,TRUE,1962,gravity,gravity,gravity,company,commercial,pay monthly,monthly,soft,good,insufficient,insufficient,spring,spring,groundwater,communal standpipe,communal standpipe
45374,0,16-02-2013,Dwsp,0,DWE,0,-2.00E-08,Maendeleo,0,Lake Victoria,Magua,Mwanza,17,1,Magu,Nkungulu,0,,GeoData Consultants Ltd,WUG,,FALSE,0,nira/tanira,nira/tanira,handpump,wug,user-group,unknown,unknown,soft,good,enough,enough,shallow well,shallow well,groundwater,hand pump,hand pump
54665,7,17-03-2013,Germany Republi,1624,CES,37.22900273,-3.18441406,Kwa Mkenya,0,Pangani,Nshironi,Kilimanjaro,3,5,Hai,Machame Kaskazini,1,TRUE,GeoData Consultants Ltd,Water Board,Machame water supply,TRUE,2008,gravity,gravity,gravity,water board,user-group,pay per bucket,per bucket,soft,good,enough,enough,spring,spring,groundwater,communal standpipe,communal standpipe
39341,500,11-02-2013,Government Of Tanzania,1282,Government,30.12795597,-4.24867926,Kwa Ndade,0,Lake Tanganyika,Mugera,Kigoma,16,2,Kasulu,Muyama,950,TRUE,GeoData Consultants Ltd,Water authority,,FALSE,1978,ksb,submersible,submersible,vwc,user-group,other,other,soft,good,enough,enough,machine dbh,borehole,groundwater,communal standpipe multiple,communal standpipe
8869,500,03-02-2013,Danida,462,DANIDA,37.45782761,-11.20866259,Kwa Sade,0,Ruvuma / Southern Coast,Ujiranimwema,Ruvuma,10,1,Tunduru,Namasakata,1,TRUE,GeoData Consultants Ltd,VWC,Amani Water Supply,FALSE,1986,gravity,gravity,gravity,vwc,user-group,pay monthly,monthly,soft,good,enough,enough,river,river/lake,surface,communal standpipe,communal standpipe
20691,0,08-04-2011,Kkkt,0,KKKT,33.16618409,-8.942157,Sandalason Kayange,0,Lake Rukwa,Nandago,Mbeya,12,6,Mbozi,Ruanda,0,TRUE,GeoData Consultants Ltd,VWC,,FALSE,0,nira/tanira,nira/tanira,handpump,vwc,user-group,pay when scheme fails,on failure,soft,good,insufficient,insufficient,shallow well,shallow well,groundwater,hand pump,hand pump
19693,0,19-02-2013,Adra,1571,Adra,35.52646919,-4.48085439,Bomboo,0,Internal,Sharaman,Manyara,21,2,Hanang,Hidet,221,TRUE,GeoData Consultants Ltd,VWC,Kijiji,TRUE,2008,gravity,gravity,gravity,vwc,user-group,never pay,never pay,soft,good,dry,dry,spring,spring,groundwater,communal standpipe,communal standpipe
14321,0,20-08-2011,Rudep,1546,DWE,31.9968789,-8.80386259,Astado Ngonya,0,Lake Rukwa,Legeza Mwendo B,Rukwa,15,2,Sumbawanga Rural,Legezamwendo,50,TRUE,GeoData Consultants Ltd,VWC,,FALSE,1985,india mark ii,india mark ii,handpump,vwc,user-group,never pay,never pay,soft,good,enough,enough,machine dbh,borehole,groundwater,hand pump,hand pump
63059,0,08-02-2013,Government Of Tanzania,0,Government,33.51920554,-3.13524663,Malampaka Primary School,0,Lake Victoria,Mwenge,Shinyanga,17,2,Maswa,Malampaka,0,TRUE,GeoData Consultants Ltd,WUG,Malampaka Piped water Scheme,FALSE,0,gravity,gravity,gravity,wug,user-group,pay per bucket,per bucket,soft,good,insufficient,insufficient,machine dbh,borehole,groundwater,communal standpipe multiple,communal standpipe
67403,1000,05-03-2011,Government Of Tanzania,-7,DWE,39.05964828,-5.28936932,Kwa Mwaka,0,Pangani,Kigombe Magharibi,Tanga,4,3,Muheza,Kigombe,25,TRUE,GeoData Consultants Ltd,VWC,Msakangoto,FALSE,2009,gravity,gravity,gravity,vwc,user-group,never pay,never pay,soft,good,insufficient,insufficient,machine dbh,borehole,groundwater,communal standpipe multiple,communal standpipe
28912,7,21-03-2013,Germany Republi,1133,CES,37.22600343,-3.27103862,Kwa Hamza Baraka,0,Pangani,Rambo,Kilimanjaro,3,5,Hai,Machame Kaskazini,125,TRUE,GeoData Consultants Ltd,Water Board,Machame water supply,TRUE,2008,gravity,gravity,gravity,water board,user-group,pay per bucket,per bucket,soft,good,enough,enough,spring,spring,groundwater,communal standpipe,communal standpipe
12549,0,10-03-2011,World Bank,0,Gove,35.56741628,-6.33698054,Shule,0,Internal,Mapang,Dodoma,1,6,Bahi,Ibugule,0,TRUE,GeoData Consultants Ltd,VWC,Nkho,TRUE,0,mono,mono,motorpump,vwc,user-group,pay per bucket,per bucket,soft,good,enough,enough,machine dbh,borehole,groundwater,communal standpipe,communal standpipe
24328,500,06-03-2013,Government Of Tanzania,900,Central govt,37.59031748,-3.7304578,Kwa Aika Shaban,0,Pangani,Mashine,Kilimanjaro,3,2,Mwanga,Lembeni,80,TRUE,GeoData Consultants Ltd,Water Board,Chanjare water supply,TRUE,1972,gravity,gravity,gravity,water board,user-group,pay monthly,monthly,soft,good,insufficient,insufficient,spring,spring,groundwater,other,other
13750,0,28-10-2012,Water Aid /sema,0,Water aid /sema,32.0400396,-4.99156819,George Paulo,0,Lake Tanganyika,Magharibi A,Tabora,14,4,Urambo,Muungano,0,TRUE,GeoData Consultants Ltd,VWC,,TRUE,0,afridev,afridev,handpump,vwc,user-group,never pay,never pay,soft,good,enough,enough,shallow well,shallow well,groundwater,hand pump,hand pump
1574,0,23-03-2011,Government Of Tanzania,1237,DWE,38.46742948,-4.8647269,Kwa Mzee Isack Kanyawane,0,Pangani,Balazani,Tanga,4,1,Lushoto,Bumbuli,1,TRUE,GeoData Consultants Ltd,VWC,Mazumbai forest,TRUE,1969,gravity,gravity,gravity,vwc,user-group,never pay,never pay,soft,good,enough,enough,spring,spring,groundwater,communal standpipe,communal standpipe
44149,0,08-07-2011,Hesawa,0,DWE,31.36783688,-1.06107072,Kyamkuma,0,Lake Victoria,Bunazi A,Kagera,18,7,Misenyi,Kassambya,0,TRUE,GeoData Consultants Ltd,VWC,,TRUE,0,swn 80,swn 80,handpump,vwc,user-group,never pay,never pay,soft,good,insufficient,insufficient,shallow well,shallow well,groundwater,hand pump,hand pump
53917,0,10-07-2011,Hesawa,0,DWE,31.12892305,-1.69420356,Shuleni,0,Lake Victoria,Omukarubumba,Kagera,18,1,Karagwe,Nyaishozi,0,TRUE,GeoData Consultants Ltd,WUA,Lukare water supp,TRUE,0,gravity,gravity,gravity,vwc,user-group,pay annually,annually,soft,good,enough,enough,spring,spring,groundwater,communal standpipe,communal standpipe
22705,0,03-06-2013,Government Of Tanzania,1388,Community,36.88065592,-3.31430939,Idd Msuya,0,Pangani,Arauyo,Arusha,2,7,Meru,Maji ya Chai,98,TRUE,GeoData Consultants Ltd,VWC,Maambreni gravity water supply,TRUE,2007,gravity,gravity,gravity,vwc,user-group,unknown,unknown,soft,good,insufficient,insufficient,spring,spring,groundwater,communal standpipe,communal standpipe
66465,0,25-10-2012,Rural Water Supply And Sanitat,0,DWE,32.05069828,-3.41259554,Zahanati,0,Lake Tanganyika,Nyang'Holongo,Shinyanga,17,5,Bukombe,Mbogwe,0,TRUE,GeoData Consultants Ltd,Parastatal,,TRUE,0,gravity,gravity,gravity,parastatal,parastatal,unknown,unknown,soft,good,seasonal,seasonal,rainwater harvesting,rainwater harvesting,surface,communal standpipe,communal standpipe
15644,0,26-07-2011,Tasaf,0,DWE,31.83376051,-1.11325712,Shule Ya Msingi Kaalilo,0,Lake Victoria,Kaalilo,Kagera,18,2,Bukoba Rural,Kishanje,0,TRUE,GeoData Consultants Ltd,VWC,,TRUE,0,gravity,gravity,gravity,vwc,user-group,never pay,never pay,soft,good,insufficient,insufficient,rainwater harvesting,rainwater harvesting,surface,communal standpipe,communal standpipe
20773,0,30-03-2011,Government Of Tanzania,0,Centr,35.82452906,-5.30269309,Kwa Bakari,0,Internal,Gwandi - Kati,Dodoma,1,1,Kondoa,Gwandi,0,TRUE,GeoData Consultants Ltd,VWC,Gwan,FALSE,0,mono,mono,motorpump,vwc,user-group,never pay,never pay,soft,good,enough,enough,machine dbh,borehole,groundwater,communal standpipe,communal standpipe
33092,0,22-03-2011,Rc,774,RC,36.96288481,-7.59517464,Kanisani,0,Rufiji,Kikoboga,Morogoro,5,1,Kilosa,Kidodi,300,,GeoData Consultants Ltd,Other,,TRUE,0,gravity,gravity,gravity,other,other,never pay,never pay,soft,good,enough,enough,spring,spring,groundwater,communal standpipe,communal standpipe
54392,7500,15-02-2013,Professor Ben Ohio University,677,District Council,37.47908238,-3.81858443,Kirya Sec School,0,Pangani,Njia Panda,Kilimanjaro,3,2,Mwanga,Kirya,320,TRUE,GeoData Consultants Ltd,Private operator,Nyumba ya Mungu water supply,FALSE,2012,climax,other motorpump,motorpump,private operator,commercial,pay annually,annually,unknown,unknown,enough,enough,dam,dam,surface,communal standpipe,communal standpipe
37850,50,20-03-2011,Kibaha Town Council,105,DWE,38.90647215,-6.74295268,Tatu Abdalah,0,Wami / Ruvu,Mwendapole B,Pwani,6,2,Kibaha,Kibaha,1,TRUE,GeoData Consultants Ltd,Water authority,Water from DAWASCO,TRUE,2010,mono,mono,motorpump,vwc,user-group,pay per bucket,per bucket,soft,good,enough,enough,river,river/lake,surface,communal standpipe multiple,communal standpipe
5576,2000,14-02-2011,Idydc,1764,IDYDC,35.77193117,-8.02782346,none,0,Rufiji,Uhananya,Iringa,11,7,Kilolo,Mtitu,1,TRUE,GeoData Consultants Ltd,VWC,,TRUE,2008,swn 80,swn 80,handpump,vwc,user-group,never pay,never pay,soft,good,enough,enough,machine dbh,borehole,groundwater,hand pump,hand pump
60840,0,13-02-2013,Ministry Of Water,1182,DWE,35.87050076,-4.13979616,Kwa Nyerere,0,Internal,Senta,Manyara,21,1,Babati,Mamire,72,TRUE,GeoData Consultants Ltd,VWC,Mamire water supply,TRUE,1998,gravity,gravity,gravity,vwc,user-group,never pay,never pay,soft,good,insufficient,insufficient,spring,spring,groundwater,communal standpipe,communal standpipe
9971,0,16-07-2011,Government Of Tanzania,1116,DWE,31.24387308,-6.37911714,Siimoni Kapama,0,Lake Rukwa,Muungano,Rukwa,15,1,Mpanda,Nsimbo,70,FALSE,GeoData Consultants Ltd,Water authority,Muungano,TRUE,1972,gravity,gravity,gravity,water authority,commercial,never pay,never pay,soft,good,enough,enough,spring,spring,groundwater,communal standpipe,communal standpipe
57508,300,16-03-2011,Ki,875,Ki,36.64437721,-6.81836802,Mradini Number 3,0,Wami / Ruvu,Shuleni,Morogoro,5,1,Kilosa,Lumuma,350,TRUE,GeoData Consultants Ltd,VWC,,TRUE,1996,nira/tanira,nira/tanira,handpump,vwc,user-group,pay when scheme fails,on failure,soft,good,insufficient,insufficient,shallow well,shallow well,groundwater,hand pump,hand pump
25872,0,18-10-2012,World Vision,0,Consuting Engineer,32.99693009,-4.19322784,Mwembeni,0,Internal,Mwakabata,Tabora,14,1,Nzega,Itobo,0,FALSE,GeoData Consultants Ltd,VWC,,FALSE,0,nira/tanira,nira/tanira,handpump,vwc,user-group,never pay,never pay,soft,good,enough,enough,shallow well,shallow well,groundwater,hand pump,hand pump
43978,100,19-03-2011,Government Of Tanzania,2116,Commu,33.98504961,-8.9881064,none,0,Rufiji,Makusi,Iringa,11,3,Makete,Mlondwe,0,TRUE,GeoData Consultants Ltd,VWC,Makusi,FALSE,1974,gravity,gravity,gravity,vwc,user-group,pay when scheme fails,on failure,soft,good,enough,enough,spring,spring,groundwater,communal standpipe,communal standpipe
38181,500,12-03-2011,Government Of Tanzania,2576,Commu,33.91513217,-9.19113626,none,0,Lake Nyasa,Lusiva,Iringa,11,3,Makete,Ipelele,0,TRUE,GeoData Consultants Ltd,VWC,Misiwa,FALSE,1986,gravity,gravity,gravity,vwc,user-group,pay when scheme fails,on failure,soft,good,enough,enough,spring,spring,groundwater,communal standpipe,communal standpipe
24325,0,14-03-2011,African,344,Kuwait,37.61832784,-6.13357212,Kwa Risasi,0,Wami / Ruvu,Mtakuja,Morogoro,5,6,Mvomero,Diongoya,20,TRUE,GeoData Consultants Ltd,VWC,,TRUE,2006,other,other,other,vwc,user-group,never pay,never pay,soft,good,enough,enough,shallow well,shallow well,groundwater,hand pump,hand pump
2724,0,12-07-2011,Hesawa,0,HESAWA,31.53064308,-1.52024104,Msikitini,0,Lake Victoria,Mahiyoro,Kagera,18,2,Bukoba Rural,Buterankuzi,0,TRUE,GeoData Consultants Ltd,VWC,NCHULOWAIBALE WATER SUPPLY SCHEME,TRUE,0,gravity,gravity,gravity,vwc,user-group,never pay,never pay,soft,good,insufficient,insufficient,river,river/lake,surface,communal standpipe,communal standpipe
34794,0,22-07-2011,Government Of Tanzania,1006,DWE,31.14227776,-6.61124387,Kwa Moses Mpangavema,0,Lake Rukwa,Igongwe,Rukwa,15,1,Mpanda,Sitalike,50,FALSE,GeoData Consultants Ltd,Water authority,Tank refu Sitalike,TRUE,1978,gravity,gravity,gravity,water authority,commercial,never pay,never pay,soft,good,enough,enough,spring,spring,groundwater,communal standpipe,communal standpipe
56525,0,03-10-2012,Adp,0,WEDECO,32.76916953,-3.90293977,Isagehe Center,0,Internal,Isagehe Center,Shinyanga,17,3,Kahama,Isagehe,0,TRUE,GeoData Consultants Ltd,VWC,MPEISA,TRUE,0,gravity,gravity,gravity,vwc,user-group,pay per bucket,per bucket,soft,good,enough,enough,spring,spring,groundwater,communal standpipe multiple,communal standpipe
63155,0,29-07-2011,Si,0,SI,31.6075471,-1.76796453,Msikitini,0,Lake Victoria,Kiga,Kagera,18,3,Muleba,Kashasha,0,TRUE,GeoData Consultants Ltd,VWC,,TRUE,0,ksb,submersible,submersible,vwc,user-group,never pay,never pay,soft,good,enough,enough,spring,spring,groundwater,communal standpipe,communal standpipe
67247,10,01-03-2011,France,1633,LVA Ltd,37.57594115,-7.08503792,Kwa Abunuasi,0,Wami / Ruvu,Msewe,Morogoro,5,6,Mvomero,Tchenzema,60,TRUE,GeoData Consultants Ltd,VWC,Mzinga r,TRUE,2004,gravity,gravity,gravity,vwc,user-group,pay per bucket,per bucket,soft,good,enough,enough,river,river/lake,surface,communal standpipe,communal standpipe
23387,0,26-01-2013,Government Of Tanzania,24,DWE,38.91481877,-8.78594686,Kwamachwiko,0,Ruvuma / Southern Coast,Msitu Wa Simba B,Lindi,80,13,Kilwa,Njinjo,390,TRUE,GeoData Consultants Ltd,,,TRUE,2011,nira/tanira,nira/tanira,handpump,vwc,user-group,never pay,never pay,soft,good,enough,enough,shallow well,shallow well,groundwater,hand pump,hand pump
17873,0,19-10-2012,,0,,32.30554915,-3.50805245,Mponda,0,Lake Tanganyika,Mponda,Shinyanga,17,5,Bukombe,Lugunga,0,,GeoData Consultants Ltd,,,FALSE,0,other,other,other,unknown,unknown,unknown,unknown,unknown,unknown,unknown,unknown,unknown,other,unknown,hand pump,hand pump
18197,0,03-06-2011,Kkkt,1569,Villagers,34.97643178,-8.82935561,Kwa Henriki Malekela,0,Rufiji,Nyamande A,Iringa,11,4,Njombe,Mahongole,40,TRUE,GeoData Consultants Ltd,VWC,,FALSE,2009,nira/tanira,nira/tanira,handpump,vwc,user-group,never pay,never pay,soft,good,enough,enough,hand dtw,borehole,groundwater,hand pump,hand pump
24834,250,16-02-2013,Kadp,1610,KADP,30.03071578,-4.43392653,Namba 10,0,Lake Tanganyika,Kabuye,Kigoma,16,2,Kasulu,Muhunga,650,TRUE,GeoData Consultants Ltd,Water authority,,TRUE,1999,gravity,gravity,gravity,water board,user-group,pay monthly,monthly,soft,good,enough,enough,spring,spring,groundwater,communal standpipe,communal standpipe
4091,500,08-03-2011,Government Of Tanzania,1504,DWE,38.24442402,-4.4588915,Kwa Mzee Mmasa,0,Pangani,Mtii,Tanga,4,1,Lushoto,Mnazi,1,TRUE,GeoData Consultants Ltd,VWC,Shengui forest,TRUE,1971,gravity,gravity,gravity,vwc,user-group,pay monthly,monthly,soft,good,enough,enough,spring,spring,groundwater,communal standpipe,communal standpipe
33261,0,18-04-2011,,0,,33.81466822,-9.26881883,Itete,0,Lake Nyasa,Itete,Mbeya,12,4,Rungwe,Kabula,0,TRUE,GeoData Consultants Ltd,VWC,S,,0,gravity,gravity,gravity,vwc,user-group,unknown,unknown,soft,good,unknown,unknown,spring,spring,groundwater,communal standpipe,communal standpipe
44384,20,07-02-2013,Village Council/ Haydom Luther,1721,Village Council,35.02234242,-4.18404892,Mji B,0,Internal,Mji B,Manyara,21,3,Mbulu,Haidom,192,TRUE,GeoData Consultants Ltd,VWC,BASSONYAGWE AND NG'WANDKW,TRUE,1994,submersible,submersible,submersible,vwc,user-group,pay per bucket,per bucket,soft,good,enough,enough,machine dbh,borehole,groundwater,communal standpipe,communal standpipe
62096,0,10-12-2012,Tdft,0,TDFT,32.94718642,-4.99483567,Kwa Mabefu,0,Lake Tanganyika,Malumba,Tabora,14,6,Tabora Urban,Itonjanda,0,FALSE,GeoData Consultants Ltd,VWC,,TRUE,0,other,other,other,vwc,user-group,never pay,never pay,soft,good,dry,dry,shallow well,shallow well,groundwater,other,other
64554,100,15-03-2013,0,78,0,39.08342696,-7.0035038,Kwa Minja,0,Wami / Ruvu,Mtaa Wa Lukooni,Dar es Salaam,7,2,Ilala,Chanika,250,,GeoData Consultants Ltd,Private operator,,FALSE,2010,submersible,submersible,submersible,private operator,commercial,pay per bucket,per bucket,soft,good,enough,enough,hand dtw,borehole,groundwater,communal standpipe,communal standpipe
68314,1000,01-03-2011,Danida,1620,DANID,35.56771838,-7.94158325,none,0,Rufiji,Kimwanyula,Iringa,11,1,Iringa Rural,Mseke,1,TRUE,GeoData Consultants Ltd,VWC,Mseke,TRUE,1982,gravity,gravity,gravity,vwc,user-group,pay monthly,monthly,soft,good,enough,enough,spring,spring,groundwater,communal standpipe,communal standpipe
53,50,04-04-2013,Government Of Tanzania,1414,DWE,36.67432678,-3.35742512,Kwa Linda Noa,0,Pangani,Sakei,Arusha,2,2,Arusha Rural,Kiranyi,200,TRUE,GeoData Consultants Ltd,VWC,Nabai pipe line,TRUE,2000,gravity,gravity,gravity,vwc,user-group,pay per bucket,per bucket,soft,good,insufficient,insufficient,spring,spring,groundwater,communal standpipe,communal standpipe
23426,0,04-04-2011,,0,,33.91187132,-9.34663784,Ipyana,0,Lake Nyasa,Ipyana,Mbeya,12,4,Rungwe,Itete,0,TRUE,GeoData Consultants Ltd,VWC,K,,0,gravity,gravity,gravity,vwc,user-group,never pay,never pay,soft,good,enough,enough,spring,spring,groundwater,communal standpipe,communal standpipe
38259,0,29-01-2013,Norad,1982,Norad,31.63874388,-8.11393053,Shule Ya Msingi Pito,0,Lake Tanganyika,Mission,Rukwa,15,4,Sumbawanga Urban,Pito,0,TRUE,GeoData Consultants Ltd,VWC,Mradi wa maji wa pito,TRUE,1984,gravity,gravity,gravity,vwc,user-group,never pay,never pay,soft,good,dry,dry,river,river/lake,surface,communal standpipe,communal standpipe
16631,100,01-03-2013,Danida,876,DANIDA,36.00884449,-10.73030401,Kwa Haulambi,0,Ruvuma / Southern Coast,Kidalini,Ruvuma,10,5,Namtumbo,Mkongo,200,TRUE,GeoData Consultants Ltd,WUG,,FALSE,1998,swn 80,swn 80,handpump,wug,user-group,pay monthly,monthly,soft,good,insufficient,insufficient,shallow well,shallow well,groundwater,hand pump,hand pump
43162,0,27-01-2013,,1623,,34.85774806,-4.96565066,Makiungu Hospital,0,Internal,Makiungu,Singida,13,2,Singida Rural,Munga'a,25,TRUE,GeoData Consultants Ltd,Company,M,,2000,submersible,submersible,submersible,company,commercial,never pay,never pay,soft,good,insufficient,insufficient,machine dbh,borehole,groundwater,communal standpipe,communal standpipe
44492,0,10-07-2011,Hesawa,0,DWE,31.45209393,-1.45098903,Kwa Maaret,0,Lake Victoria,Kyamabere,Kagera,18,2,Bukoba Rural,Ruhunga,0,TRUE,GeoData Consultants Ltd,VWC,,TRUE,0,swn 80,swn 80,handpump,vwc,user-group,never pay,never pay,soft,good,insufficient,insufficient,shallow well,shallow well,groundwater,hand pump,hand pump
38884,0,14-10-2012,Rw Ssp,0,DWE,33.66932264,-3.66413309,Teleni,0,Internal,Mwamala,Shinyanga,17,8,Kishapu,Ukenyenge,0,FALSE,GeoData Consultants Ltd,VWC,,FALSE,0,gravity,gravity,gravity,vwc,user-group,unknown,unknown,soft,good,insufficient,insufficient,river,river/lake,surface,communal standpipe multiple,communal standpipe
13690,100,21-03-2011,Franc,472,Mviwa,37.75333011,-6.91532531,Kwa Mzee Mgowelaa,0,Wami / Ruvu,Tonya,Morogoro,5,2,Morogoro Rural,Kinole,250,TRUE,GeoData Consultants Ltd,VWC,Kino,TRUE,2004,gravity,gravity,gravity,vwc,user-group,pay monthly,monthly,soft,good,enough,enough,river,river/lake,surface,communal standpipe,communal standpipe
60335,0,18-03-2013,Government Of Tanzania,1639,DWE,37.47825262,-3.2671678,Kwa Paul Mlai,0,Pangani,Makami Juu,Kilimanjaro,3,4,Moshi Rural,Kilema kaskazini,70,,GeoData Consultants Ltd,Other,Mshiri pipeline,TRUE,1972,gravity,gravity,gravity,other,other,never pay,never pay,soft,good,enough,enough,river,river/lake,surface,communal standpipe,communal standpipe
31856,0,06-10-2012,Rwssp,0,DWE,32.12395834,-4.21150952,Mkombozi,0,Lake Tanganyika,Kangeme No. 3,Shinyanga,17,3,Kahama,Ulowa,0,TRUE,GeoData Consultants Ltd,,,TRUE,0,nira/tanira,nira/tanira,handpump,wug,user-group,unknown,unknown,soft,good,insufficient,insufficient,shallow well,shallow well,groundwater,hand pump,hand pump
